지점ID,위도,경도,도로변,시간대,인원
성수 연무장길-0,37.54311,127.05638,A,오전,3312
성수 연무장길-0,37.54311,127.05638,A,전체,18441
성수 연무장길-0,37.54311,127.05638,A,주말,3606
성수 연무장길-0,37.54311,127.05638,A,야간,1090
성수 연무장길-1,37.544736,127.055485,B,오전,1451
성수 연무장길-1,37.544736,127.055485,B,전체,7626
성수 연무장길-2,37.544038,127.057592,A,오전,3198
성수 연무장길-2,37.544038,127.057592,A,전체,18344
성수 연무장길-3,37.543805,127.054337,B,오전,1456
성수 연무장길-3,37.543805,127.054337,B,전체,8187
강남역 11번출구-0,37.499504,127.028847,A,오전,5338
강남역 11번출구-0,37.499504,127.028847,A,전체,32731
강남역 11번출구-0,37.499504,127.028847,A,주말,6999
강남역 11번출구-0,37.499504,127.028847,A,야간,5422
강남역 11번출구-1,37.496381,127.027401,B,오전,2952
강남역 11번출구-1,37.496381,127.027401,B,전체,18325
강남역 11번출구-2,37.496656,127.027024,A,오전,3539
강남역 11번출구-2,37.496656,127.027024,A,전체,20477
강남역 11번출구-3,37.498143,127.026361,B,오전,2720
강남역 11번출구-3,37.498143,127.026361,B,전체,17056
목동 7단지 상가-0,37.527005,126.874224,A,오전,1275
목동 7단지 상가-0,37.527005,126.874224,A,전체,6565
목동 7단지 상가-0,37.527005,126.874224,A,주말,1629
목동 7단지 상가-0,37.527005,126.874224,A,야간,1088
목동 7단지 상가-1,37.527441,126.87464,B,오전,1385
목동 7단지 상가-1,37.527441,126.87464,B,전체,7137
목동 7단지 상가-2,37.526318,126.873415,A,오전,789
목동 7단지 상가-2,37.526318,126.873415,A,전체,4615
목동 7단지 상가-3,37.526612,126.876758,B,오전,1471
목동 7단지 상가-3,37.526612,126.876758,B,전체,9547
홍대 어울마당로-0,37.557809,126.922824,A,오전,3749
홍대 어울마당로-0,37.557809,126.922824,A,전체,20736
홍대 어울마당로-0,37.557809,126.922824,A,주말,6403
홍대 어울마당로-0,37.557809,126.922824,A,야간,3679
홍대 어울마당로-1,37.556741,126.924053,B,오전,2250
홍대 어울마당로-1,37.556741,126.924053,B,전체,10898
홍대 어울마당로-2,37.555931,126.926319,A,오전,3780
홍대 어울마당로-2,37.555931,126.926319,A,전체,21334
홍대 어울마당로-3,37.558718,126.924517,B,오전,4392
홍대 어울마당로-3,37.558718,126.924517,B,전체,24577
판교 유스페이스-0,37.402295,127.108325,A,오전,3040
판교 유스페이스-0,37.402295,127.108325,A,전체,14106
판교 유스페이스-0,37.402295,127.108325,A,주말,3770
판교 유스페이스-0,37.402295,127.108325,A,야간,2319
판교 유스페이스-1,37.401727,127.109778,B,오전,2501
판교 유스페이스-1,37.401727,127.109778,B,전체,11993
판교 유스페이스-2,37.401473,127.107664,A,오전,2637
판교 유스페이스-2,37.401473,127.107664,A,전체,14946
판교 유스페이스-3,37.40042,127.107882,B,오전,2530
판교 유스페이스-3,37.40042,127.107882,B,전체,12209
신림 별빛거리-0,37.48324,126.929617,A,오전,3233
신림 별빛거리-0,37.48324,126.929617,A,전체,16196
신림 별빛거리-0,37.48324,126.929617,A,주말,2649
신림 별빛거리-0,37.48324,126.929617,A,야간,2281
신림 별빛거리-1,37.48512,126.931022,B,오전,3546
신림 별빛거리-1,37.48512,126.931022,B,전체,18114
신림 별빛거리-2,37.483142,126.931256,A,오전,2095
신림 별빛거리-2,37.483142,126.931256,A,전체,12619
신림 별빛거리-3,37.482821,126.930126,B,오전,3116
신림 별빛거리-3,37.482821,126.930126,B,전체,18766
카페하다 왕십리점-0,37.562869,127.0399,A,오전,1973
카페하다 왕십리점-0,37.562869,127.0399,A,전체,10907
카페하다 왕십리점-0,37.562869,127.0399,A,주말,4283
카페하다 왕십리점-0,37.562869,127.0399,A,야간,880
카페하다 왕십리점-1,37.561881,127.037241,B,오전,1570
카페하다 왕십리점-1,37.561881,127.037241,B,전체,8387
카페하다 왕십리점-2,37.562605,127.038784,A,오전,1742
카페하다 왕십리점-2,37.562605,127.038784,A,전체,9114
카페하다 왕십리점-3,37.562794,127.039394,B,오전,2076
카페하다 왕십리점-3,37.562794,127.039394,B,전체,10304
카페하다 역삼점-0,37.502001,127.036954,A,오전,3220
카페하다 역삼점-0,37.502001,127.036954,A,전체,18970
카페하다 역삼점-0,37.502001,127.036954,A,주말,4021
카페하다 역삼점-0,37.502001,127.036954,A,야간,1241
카페하다 역삼점-1,37.501696,127.036024,B,오전,4347
카페하다 역삼점-1,37.501696,127.036024,B,전체,23798
카페하다 역삼점-2,37.499269,127.037246,A,오전,5342
카페하다 역삼점-2,37.499269,127.037246,A,전체,26140
카페하다 역삼점-3,37.500002,127.035125,B,오전,2842
카페하다 역삼점-3,37.500002,127.035125,B,전체,14884
카페하다 서초점-0,37.48456,127.030388,A,오전,3866
카페하다 서초점-0,37.48456,127.030388,A,전체,17916
카페하다 서초점-0,37.48456,127.030388,A,주말,7902
카페하다 서초점-0,37.48456,127.030388,A,야간,2645
카페하다 서초점-1,37.482095,127.032739,B,오전,3164
카페하다 서초점-1,37.482095,127.032739,B,전체,14813
카페하다 서초점-2,37.48388,127.030481,A,오전,3941
카페하다 서초점-2,37.48388,127.030481,A,전체,19467
카페하다 서초점-3,37.484338,127.032521,B,오전,4441
카페하다 서초점-3,37.484338,127.032521,B,전체,24310
카페하다 잠실새내점-0,37.510082,127.086936,A,오전,3324
카페하다 잠실새내점-0,37.510082,127.086936,A,전체,15281
카페하다 잠실새내점-0,37.510082,127.086936,A,주말,7536
카페하다 잠실새내점-0,37.510082,127.086936,A,야간,1117
카페하다 잠실새내점-1,37.510742,127.084674,B,오전,2615
카페하다 잠실새내점-1,37.510742,127.084674,B,전체,12688
카페하다 잠실새내점-2,37.510821,127.087259,A,오전,2610
카페하다 잠실새내점-2,37.510821,127.087259,A,전체,14371
카페하다 잠실새내점-3,37.511921,127.087231,B,오전,2993
카페하다 잠실새내점-3,37.511921,127.087231,B,전체,16931
카페하다 건대입구점-0,37.541265,127.070116,A,오전,2241
카페하다 건대입구점-0,37.541265,127.070116,A,전체,11773
카페하다 건대입구점-0,37.541265,127.070116,A,주말,2027
카페하다 건대입구점-0,37.541265,127.070116,A,야간,1236
카페하다 건대입구점-1,37.539578,127.068074,B,오전,3334
카페하다 건대입구점-1,37.539578,127.068074,B,전체,19803
카페하다 건대입구점-2,37.542107,127.067965,A,오전,2146
카페하다 건대입구점-2,37.542107,127.067965,A,전체,11251
카페하다 건대입구점-3,37.54155,127.069275,B,오전,2421
카페하다 건대입구점-3,37.54155,127.069275,B,전체,12575
카페하다 상암점-0,37.579563,126.88891,A,오전,3984
카페하다 상암점-0,37.579563,126.88891,A,전체,21645
카페하다 상암점-0,37.579563,126.88891,A,주말,8689
카페하다 상암점-0,37.579563,126.88891,A,야간,4806
카페하다 상암점-1,37.579407,126.887377,B,오전,3469
카페하다 상암점-1,37.579407,126.887377,B,전체,20631
카페하다 상암점-2,37.580534,126.888515,A,오전,4897
카페하다 상암점-2,37.580534,126.888515,A,전체,25945
카페하다 상암점-3,37.58017,126.889033,B,오전,3111
카페하다 상암점-3,37.58017,126.889033,B,전체,19479
카페하다 여의도점-0,37.520026,126.925352,A,오전,3049
카페하다 여의도점-0,37.520026,126.925352,A,전체,15006
카페하다 여의도점-0,37.520026,126.925352,A,주말,7235
카페하다 여의도점-0,37.520026,126.925352,A,야간,1640
카페하다 여의도점-1,37.522713,126.922337,B,오전,2487
카페하다 여의도점-1,37.522713,126.922337,B,전체,14066
카페하다 여의도점-2,37.520327,126.926129,A,오전,4453
카페하다 여의도점-2,37.520327,126.926129,A,전체,28051
카페하다 여의도점-3,37.521978,126.924819,B,오전,4969
카페하다 여의도점-3,37.521978,126.924819,B,전체,25769
카페하다 종로3가점-0,37.57183,126.992653,A,오전,2959
카페하다 종로3가점-0,37.57183,126.992653,A,전체,17019
카페하다 종로3가점-0,37.57183,126.992653,A,주말,5377
카페하다 종로3가점-0,37.57183,126.992653,A,야간,2630
카페하다 종로3가점-1,37.570308,126.991609,B,오전,2643
카페하다 종로3가점-1,37.570308,126.991609,B,전체,15603
카페하다 종로3가점-2,37.57091,126.990999,A,오전,2585
카페하다 종로3가점-2,37.57091,126.990999,A,전체,15083
카페하다 종로3가점-3,37.569929,126.991728,B,오전,1802
카페하다 종로3가점-3,37.569929,126.991728,B,전체,11565
카페하다 사당점-0,37.478058,126.982081,A,오전,2849
카페하다 사당점-0,37.478058,126.982081,A,전체,13081
카페하다 사당점-0,37.478058,126.982081,A,주말,4022
카페하다 사당점-0,37.478058,126.982081,A,야간,4045
카페하다 사당점-1,37.476838,126.983438,B,오전,3336
카페하다 사당점-1,37.476838,126.983438,B,전체,17735
카페하다 사당점-2,37.476648,126.983529,A,오전,2652
카페하다 사당점-2,37.476648,126.983529,A,전체,13409
카페하다 사당점-3,37.477481,126.980204,B,오전,2911
카페하다 사당점-3,37.477481,126.980204,B,전체,17167
카페하다 노원점-0,37.655777,127.055151,A,오전,1053
카페하다 노원점-0,37.655777,127.055151,A,전체,6074
카페하다 노원점-0,37.655777,127.055151,A,주말,1602
카페하다 노원점-0,37.655777,127.055151,A,야간,1373
카페하다 노원점-1,37.65485,127.058567,B,오전,1290
카페하다 노원점-1,37.65485,127.058567,B,전체,7066
카페하다 노원점-2,37.653295,127.058722,A,오전,1314
카페하다 노원점-2,37.653295,127.058722,A,전체,8462
카페하다 노원점-3,37.652847,127.058473,B,오전,1526
카페하다 노원점-3,37.652847,127.058473,B,전체,8692
카페하다 수유점-0,37.636616,127.026582,A,오전,678
카페하다 수유점-0,37.636616,127.026582,A,전체,3291
카페하다 수유점-0,37.636616,127.026582,A,주말,1201
카페하다 수유점-0,37.636616,127.026582,A,야간,679
카페하다 수유점-1,37.636356,127.026708,B,오전,1435
카페하다 수유점-1,37.636356,127.026708,B,전체,7471
카페하다 수유점-2,37.637803,127.025667,A,오전,976
카페하다 수유점-2,37.637803,127.025667,A,전체,5675
카페하다 수유점-3,37.636315,127.025865,B,오전,1318
카페하다 수유점-3,37.636315,127.025865,B,전체,7341
카페하다 화곡점-0,37.540922,126.842004,A,오전,1520
카페하다 화곡점-0,37.540922,126.842004,A,전체,7859
카페하다 화곡점-0,37.540922,126.842004,A,주말,2773
카페하다 화곡점-0,37.540922,126.842004,A,야간,1500
카페하다 화곡점-1,37.540642,126.842099,B,오전,690
카페하다 화곡점-1,37.540642,126.842099,B,전체,3909
카페하다 화곡점-2,37.541111,126.841615,A,오전,1287
카페하다 화곡점-2,37.541111,126.841615,A,전체,6123
카페하다 화곡점-3,37.541742,126.842186,B,오전,1169
카페하다 화곡점-3,37.541742,126.842186,B,전체,6268
카페하다 부천중동점-0,37.501895,126.765856,A,오전,2765
카페하다 부천중동점-0,37.501895,126.765856,A,전체,13598
카페하다 부천중동점-0,37.501895,126.765856,A,주말,2396
카페하다 부천중동점-0,37.501895,126.765856,A,야간,991
카페하다 부천중동점-1,37.505044,126.765028,B,오전,4036
카페하다 부천중동점-1,37.505044,126.765028,B,전체,23972
카페하다 부천중동점-2,37.504756,126.766378,A,오전,2619
카페하다 부천중동점-2,37.504756,126.766378,A,전체,13388
카페하다 부천중동점-3,37.504561,126.767022,B,오전,2717
카페하다 부천중동점-3,37.504561,126.767022,B,전체,15143
카페하다 분당서현점-0,37.385395,127.122883,A,오전,2256
카페하다 분당서현점-0,37.385395,127.122883,A,전체,14272
카페하다 분당서현점-0,37.385395,127.122883,A,주말,4830
카페하다 분당서현점-0,37.385395,127.122883,A,야간,2901
카페하다 분당서현점-1,37.384984,127.125187,B,오전,1533
카페하다 분당서현점-1,37.384984,127.125187,B,전체,9168
카페하다 분당서현점-2,37.38518,127.123372,A,오전,2543
카페하다 분당서현점-2,37.38518,127.123372,A,전체,14632
카페하다 분당서현점-3,37.386197,127.12229,B,오전,2734
카페하다 분당서현점-3,37.386197,127.12229,B,전체,17760
카페하다 안양범계점-0,37.390279,126.948861,A,오전,4379
카페하다 안양범계점-0,37.390279,126.948861,A,전체,20643
카페하다 안양범계점-0,37.390279,126.948861,A,주말,9248
카페하다 안양범계점-0,37.390279,126.948861,A,야간,5514
카페하다 안양범계점-1,37.390314,126.952628,B,오전,2977
카페하다 안양범계점-1,37.390314,126.952628,B,전체,14875
카페하다 안양범계점-2,37.389414,126.950043,A,오전,4389
카페하다 안양범계점-2,37.389414,126.950043,A,전체,20154
카페하다 안양범계점-3,37.390394,126.950362,B,오전,2800
카페하다 안양범계점-3,37.390394,126.950362,B,전체,15819
카페하다 일산라페스타점-0,37.658293,126.771869,A,오전,3441
카페하다 일산라페스타점-0,37.658293,126.771869,A,전체,17429
카페하다 일산라페스타점-0,37.658293,126.771869,A,주말,6096
카페하다 일산라페스타점-0,37.658293,126.771869,A,야간,1976
카페하다 일산라페스타점-1,37.656938,126.771647,B,오전,2164
카페하다 일산라페스타점-1,37.656938,126.771647,B,전체,11791
카페하다 일산라페스타점-2,37.659482,126.768228,A,오전,2411
카페하다 일산라페스타점-2,37.659482,126.768228,A,전체,11913
카페하다 일산라페스타점-3,37.658686,126.770253,B,오전,2190
카페하다 일산라페스타점-3,37.658686,126.770253,B,전체,12406
